sandra.williams@example.com,Sandra Williams,Francia
john.anderson@example.com,John Anderson,Brasil
taylor.flores@example.com,Taylor Flores,Reino Unido
justin.mitchell@example.com,Justin Mitchell,España
christina.phillips@example.com,Christina Phillips,México
larry.herrera@example.com,Larry Herrera,Italia
david.wilson@example.com,David Wilson,Brasil
annette.quinn@example.com,Annette Quinn,Italia
dustin.fitzgerald@example.com,Dustin Fitzgerald,Canadá
natalie.robertson@example.com,Natalie Robertson,México
barbara.brewer@example.com,Barbara Brewer,Reino Unido
omar.howard@example.com,Omar Howard,México
michele.guerrero@example.com,Michele Guerrero,Francia
ronnie.allen@example.com,Ronnie Allen,Brasil
megan.hall@example.com,Megan Hall,Brasil
donna.jackson@example.com,Donna Jackson,Estados Unidos
kristen.murphy@example.com,Kristen Murphy,Reino Unido
allison.anderson@example.com,Allison Anderson,Portugal
william.dixon@example.com,William Dixon,Brasil
phillip.harrington@example.com,Phillip Harrington,México
laura.dominguez@example.com,Laura Dominguez,Italia
nicholas.cabrera@example.com,Nicholas Cabrera,España
heather.garza@example.com,Heather Garza,México
stephanie.rodriguez@example.com,Stephanie Rodriguez,España
kelsey.howard@example.com,Kelsey Howard,Portugal
adam.robinson@example.com,Adam Robinson,Brasil
mary.simpson@example.com,Mary Simpson,Estados Unidos
karen.edwards@example.com,Karen Edwards,España
deanna.munoz@example.com,Deanna Munoz,Italia
samantha.floyd@example.com,Samantha Floyd,Estados Unidos
anthony.johnson@example.com,Anthony Johnson,
tonya.cooper@example.com,Tonya Cooper,Francia
nicholas.barrett@example.com,Nicholas Barrett,España
michael.torres@example.com,Michael Torres,Portugal
joshua.oconnor@example.com,Joshua Oconnor,Italia
alex.burton@example.com,Alex Burton,Portugal
andrew.perez@example.com,Andrew Perez,Argentina
andrea.brown@example.com,Andrea Brown,Reino Unido
jenny.stafford@example.com,Jenny Stafford,Brasil
jeffrey.howard@example.com,Jeffrey Howard,Italia
gary.hatfield@example.com,Gary Hatfield,Francia
janet.ortiz@example.com,Janet Ortiz,Portugal
joseph.fitzgerald@example.com,Joseph Fitzgerald,Francia
julie.williams@example.com,Julie Williams,
jennifer.myers@example.com,Jennifer Myers,Canadá
charles.melton@example.com,Charles Melton,Alemania
morgan.hernandez@example.com,Morgan Hernandez,Italia
ryan.hoover@example.com,Ryan Hoover,Reino Unido
alex.drake@example.com,Alex Drake,Estados Unidos
richard.sutton@example.com,Richard Sutton,Canadá
